,patient,cell_type,cell_type_%,condition
0,XAUT1-HS1,01_B,17.120622568093385,HC
1,XAUT1-HS1,02_Plasmablasts,0.12970168612191957,HC
2,XAUT1-HS1,03_CD4 T,4.280155642023346,HC
3,XAUT1-HS1,04_Treg,0.38910505836575876,HC
4,XAUT1-HS1,05_MAIT,0.12970168612191957,HC
5,XAUT1-HS1,06_CD8 T,8.949416342412452,HC
6,XAUT1-HS1,07_gd T cells,0.5188067444876783,HC
7,XAUT1-HS1,08_NK,1.0376134889753565,HC
8,XAUT1-HS1,09_CD14 classical monocytes,50.19455252918288,HC
9,XAUT1-HS1,10_CD16 Nonclassical monocytes,13.229571984435799,HC
10,XAUT1-HS1,11_DC,1.8158236057068744,HC
11,XAUT1-HS1,12_pDC and ASDC,0.38910505836575876,HC
12,XAUT1-HS1,13_Platelets,0.648508430609598,HC
13,XAUT1-HS1,14_Erythrocytes,1.1673151750972763,HC
14,XAUT1-HS1,15_Cycling,0.0,HC
15,XAUT1-HS10,01_B,13.121629718394248,UCV
16,XAUT1-HS10,02_Plasmablasts,0.11983223487118035,UCV
17,XAUT1-HS10,03_CD4 T,16.536848412222888,UCV
18,XAUT1-HS10,04_Treg,2.756141402037148,UCV
19,XAUT1-HS10,05_MAIT,1.6177351707609346,UCV
20,XAUT1-HS10,06_CD8 T,6.530856800479329,UCV
21,XAUT1-HS10,07_gd T cells,0.35949670461354105,UCV
22,XAUT1-HS10,08_NK,14.679448771719592,UCV
23,XAUT1-HS10,09_CD14 classical monocytes,27.08208508088676,UCV
24,XAUT1-HS10,10_CD16 Nonclassical monocytes,12.162971839424804,UCV
25,XAUT1-HS10,11_DC,1.4979029358897544,UCV
26,XAUT1-HS10,12_pDC and ASDC,0.659077291791492,UCV
27,XAUT1-HS10,13_Platelets,1.018573996405033,UCV
28,XAUT1-HS10,14_Erythrocytes,1.078490113840623,UCV
29,XAUT1-HS10,15_Cycling,0.7789095266626722,UCV
30,XAUT1-HS11,01_B,14.15752741774676,UCV
31,XAUT1-HS11,02_Plasmablasts,0.7976071784646062,UCV
32,XAUT1-HS11,03_CD4 T,24.426719840478565,UCV
33,XAUT1-HS11,04_Treg,3.1904287138584246,UCV
34,XAUT1-HS11,05_MAIT,0.5982053838484547,UCV
35,XAUT1-HS11,06_CD8 T,6.281156530408774,UCV
36,XAUT1-HS11,07_gd T cells,1.1964107676969093,UCV
37,XAUT1-HS11,08_NK,7.377866400797608,UCV
38,XAUT1-HS11,09_CD14 classical monocytes,17.347956131605187,UCV
39,XAUT1-HS11,10_CD16 Nonclassical monocytes,8.47457627118644,UCV
40,XAUT1-HS11,11_DC,2.991026919242273,UCV
41,XAUT1-HS11,12_pDC and ASDC,1.4955134596211366,UCV
42,XAUT1-HS11,13_Platelets,6.779661016949152,UCV
43,XAUT1-HS11,14_Erythrocytes,4.586241276171486,UCV
44,XAUT1-HS11,15_Cycling,0.29910269192422734,UCV
45,XAUT1-HS12,01_B,2.3003194888178915,UCV
46,XAUT1-HS12,02_Plasmablasts,0.06389776357827476,UCV
47,XAUT1-HS12,03_CD4 T,10.351437699680512,UCV
48,XAUT1-HS12,04_Treg,1.5974440894568689,UCV
49,XAUT1-HS12,05_MAIT,0.3194888178913738,UCV
50,XAUT1-HS12,06_CD8 T,40.766773162939295,UCV
51,XAUT1-HS12,07_gd T cells,0.06389776357827476,UCV
52,XAUT1-HS12,08_NK,13.738019169329075,UCV
53,XAUT1-HS12,09_CD14 classical monocytes,22.17252396166134,UCV
54,XAUT1-HS12,10_CD16 Nonclassical monocytes,4.15335463258786,UCV
55,XAUT1-HS12,11_DC,0.8306709265175719,UCV
56,XAUT1-HS12,12_pDC and ASDC,0.3194888178913738,UCV
57,XAUT1-HS12,13_Platelets,1.5335463258785942,UCV
58,XAUT1-HS12,14_Erythrocytes,1.34185303514377,UCV
59,XAUT1-HS12,15_Cycling,0.44728434504792336,UCV
60,XAUT1-HS2,01_B,3.653846153846154,HC
61,XAUT1-HS2,02_Plasmablasts,0.22435897435897434,HC
62,XAUT1-HS2,03_CD4 T,23.846153846153847,HC
63,XAUT1-HS2,04_Treg,1.5384615384615385,HC
64,XAUT1-HS2,05_MAIT,7.6923076923076925,HC
65,XAUT1-HS2,06_CD8 T,11.794871794871794,HC
66,XAUT1-HS2,07_gd T cells,2.8846153846153846,HC
67,XAUT1-HS2,08_NK,15.801282051282051,HC
68,XAUT1-HS2,09_CD14 classical monocytes,18.461538461538463,HC
69,XAUT1-HS2,10_CD16 Nonclassical monocytes,8.173076923076923,HC
70,XAUT1-HS2,11_DC,1.4102564102564104,HC
71,XAUT1-HS2,12_pDC and ASDC,0.09615384615384616,HC
72,XAUT1-HS2,13_Platelets,1.3782051282051282,HC
73,XAUT1-HS2,14_Erythrocytes,2.33974358974359,HC
74,XAUT1-HS2,15_Cycling,0.7051282051282052,HC
75,XAUT1-HS3,01_B,14.714537963507945,HC
76,XAUT1-HS3,02_Plasmablasts,0.2942907592701589,HC
77,XAUT1-HS3,03_CD4 T,21.4832254267216,HC
78,XAUT1-HS3,04_Treg,1.7068864037669218,HC
79,XAUT1-HS3,05_MAIT,1.9423190111830488,HC
80,XAUT1-HS3,06_CD8 T,18.952324896998235,HC
81,XAUT1-HS3,07_gd T cells,1.2360211889346673,HC
82,XAUT1-HS3,08_NK,10.712183637433785,HC
83,XAUT1-HS3,09_CD14 classical monocytes,16.53914067098293,HC
84,XAUT1-HS3,10_CD16 Nonclassical monocytes,5.768098881695114,HC
85,XAUT1-HS3,11_DC,2.0011771630370805,HC
86,XAUT1-HS3,12_pDC and ASDC,0.35314891112419067,HC
87,XAUT1-HS3,13_Platelets,1.4714537963507945,HC
88,XAUT1-HS3,14_Erythrocytes,2.5897586815773983,HC
89,XAUT1-HS3,15_Cycling,0.23543260741612712,HC
90,XAUT1-HS4,01_B,8.574673480976717,HC
91,XAUT1-HS4,02_Plasmablasts,0.2839295854628052,HC
92,XAUT1-HS4,03_CD4 T,29.415105053946622,HC
93,XAUT1-HS4,04_Treg,2.72572402044293,HC
94,XAUT1-HS4,05_MAIT,3.0096536059057355,HC
95,XAUT1-HS4,06_CD8 T,12.208972174900625,HC
96,XAUT1-HS4,07_gd T cells,2.8960817717206133,HC
97,XAUT1-HS4,08_NK,9.7671777399205,HC
98,XAUT1-HS4,09_CD14 classical monocytes,21.465076660988075,HC
99,XAUT1-HS4,10_CD16 Nonclassical monocytes,3.634298693923907,HC
100,XAUT1-HS4,11_DC,1.362862010221465,HC
101,XAUT1-HS4,12_pDC and ASDC,0.2839295854628052,HC
102,XAUT1-HS4,13_Platelets,1.306076093128904,HC
103,XAUT1-HS4,14_Erythrocytes,2.782509937535491,HC
104,XAUT1-HS4,15_Cycling,0.2839295854628052,HC
105,XAUT1-HS6,01_B,5.354058721934369,UCNB
106,XAUT1-HS6,02_Plasmablasts,1.0362694300518136,UCNB
107,XAUT1-HS6,03_CD4 T,17.962003454231436,UCNB
108,XAUT1-HS6,04_Treg,1.0074841681059297,UCNB
109,XAUT1-HS6,05_MAIT,2.734599884858952,UCNB
110,XAUT1-HS6,06_CD8 T,17.213586643638457,UCNB
111,XAUT1-HS6,07_gd T cells,0.9499136442141624,UCNB
112,XAUT1-HS6,08_NK,18.65284974093264,UCNB
113,XAUT1-HS6,09_CD14 classical monocytes,22.481289579735176,UCNB
114,XAUT1-HS6,10_CD16 Nonclassical monocytes,8.405296488198042,UCNB
115,XAUT1-HS6,11_DC,1.1226252158894647,UCNB
116,XAUT1-HS6,12_pDC and ASDC,0.17271157167530224,UCNB
117,XAUT1-HS6,13_Platelets,1.0074841681059297,UCNB
118,XAUT1-HS6,14_Erythrocytes,1.6119746689694874,UCNB
119,XAUT1-HS6,15_Cycling,0.28785261945883706,UCNB
120,XAUT1-HS7,01_B,7.894736842105263,UCNB
121,XAUT1-HS7,02_Plasmablasts,0.6791171477079796,UCNB
122,XAUT1-HS7,03_CD4 T,21.137521222410864,UCNB
123,XAUT1-HS7,04_Treg,1.9100169779286926,UCNB
124,XAUT1-HS7,05_MAIT,0.5517826825127334,UCNB
125,XAUT1-HS7,06_CD8 T,22.62308998302207,UCNB
126,XAUT1-HS7,07_gd T cells,0.38200339558573854,UCNB
127,XAUT1-HS7,08_NK,13.242784380305602,UCNB
128,XAUT1-HS7,09_CD14 classical monocytes,15.152801358234294,UCNB
129,XAUT1-HS7,10_CD16 Nonclassical monocytes,9.804753820033955,UCNB
130,XAUT1-HS7,11_DC,1.2733446519524618,UCNB
131,XAUT1-HS7,12_pDC and ASDC,0.29711375212224106,UCNB
132,XAUT1-HS7,13_Platelets,1.3582342954159592,UCNB
133,XAUT1-HS7,14_Erythrocytes,3.395585738539898,UCNB
134,XAUT1-HS7,15_Cycling,0.29711375212224106,UCNB
135,XAUT1-HS8,01_B,13.051305130513052,UCNB
136,XAUT1-HS8,02_Plasmablasts,0.6300630063006301,UCNB
137,XAUT1-HS8,03_CD4 T,18.901890189018903,UCNB
138,XAUT1-HS8,04_Treg,1.6201620162016201,UCNB
139,XAUT1-HS8,05_MAIT,1.17011701170117,UCNB
140,XAUT1-HS8,06_CD8 T,7.110711071107111,UCNB
141,XAUT1-HS8,07_gd T cells,0.09000900090009001,UCNB
142,XAUT1-HS8,08_NK,12.871287128712872,UCNB
143,XAUT1-HS8,09_CD14 classical monocytes,30.063006300630065,UCNB
144,XAUT1-HS8,10_CD16 Nonclassical monocytes,8.19081908190819,UCNB
145,XAUT1-HS8,11_DC,2.25022502250225,UCNB
146,XAUT1-HS8,12_pDC and ASDC,0.9900990099009901,UCNB
147,XAUT1-HS8,13_Platelets,1.17011701170117,UCNB
148,XAUT1-HS8,14_Erythrocytes,1.8901890189018902,UCNB
149,XAUT1-HS8,15_Cycling,0.0,UCNB
150,XAUT1-HS9,01_B,12.22896790980052,UCV
151,XAUT1-HS9,02_Plasmablasts,1.0407632263660018,UCV
152,XAUT1-HS9,03_CD4 T,31.48308759757155,UCV
153,XAUT1-HS9,04_Treg,1.3876843018213356,UCV
154,XAUT1-HS9,05_MAIT,4.5967042497831745,UCV
155,XAUT1-HS9,06_CD8 T,7.718993928881179,UCV
156,XAUT1-HS9,07_gd T cells,3.5559410234171724,UCV
157,XAUT1-HS9,08_NK,7.372072853425846,UCV
158,XAUT1-HS9,09_CD14 classical monocytes,18.473547267996533,UCV
159,XAUT1-HS9,10_CD16 Nonclassical monocytes,5.5507372072853425,UCV
160,XAUT1-HS9,11_DC,0.6071118820468344,UCV
161,XAUT1-HS9,12_pDC and ASDC,0.26019080659150046,UCV
162,XAUT1-HS9,13_Platelets,1.4744145706851692,UCV
163,XAUT1-HS9,14_Erythrocytes,3.7294015611448397,UCV
164,XAUT1-HS9,15_Cycling,0.5203816131830009,UCV
